1,324 Plymouth Ave,Brightwaters,NY,11718
2,539 Manatuck Blvd,Brightwaters,NY,11718
3,131 S Windsor Ave,Brightwaters,NY,11718
4,500 Peters Blvd,Brightwaters,NY,11718
5,534 Brooklyn Blvd,Brightwaters,NY,11718
6,915 Hiawatha Dr,Brightwaters,NY,11718
7,68 Orinoco Dr,Brightwaters,NY,11718
8,550 Lombardy Blvd,Brightwaters,NY,11718
9,207 Plymouth Ct,Brightwaters,NY,11718
10,427 Mayflower Ave,Brentwood,NY,11717
11,33 Poplar St,Brentwood,NY,11717
12,21 Virgil Dr,Brentwood,NY,11717
13,141 Wittberg St,Brentwood,NY,11717
14,65 Walton St,Brentwood,NY,11717
15,154 Washington Ave,Brentwood,NY,11717
16,1 Franklin St,Brentwood,NY,11717
17,22 Doolittle St,Brentwood,NY,11717
18,19 Laurie Rd,Brentwood,NY,11717
19,1722 Church St,Bohemia,NY,11716
20,110 Norman Dr,Bohemia,NY,11716
21,1284 Church St,Bohemia,NY,11716
22,780 Fulton Ave,Bohemia,NY,11716
23,526 Walnut Ave,Bohemia,NY,11716
24,9 Windwood Rd,Bohemia,NY,11716
25,1065 Smithtown Ave,Bohemia,NY,11716
26,247 Pond Rd,Bohemia,NY,11716
27,23 Kathy Ln,Bohemia,NY,11716
28,178 Division Ave,Blue Point,NY,11715
29,62 Harbour Dr,Blue Point,NY,11715
30,12 Edwards Ln,Blue Point,NY,11715
31,6 Edwards Ln,Blue Point,NY,11715
32,106 Namkee Rd,Blue Point,NY,11715
33,211 Atlantic Ave,Blue Point,NY,11715
34,62 Oyster Cove Ln,Blue Point,NY,11715
35,14 Rebel Dr,Blue Point,NY,11715
36,62 Harbour Dr,Blue Point,NY,11715
37,50 W Millpage Dr,Bethpage ,NY,11714
38,249 N 5th St,Bethpage ,NY,11714
39,3 Northampton Gate,Bethpage ,NY,11714
40,12 Floral Ave,Bethpage ,NY,11714
41,213 S Pershing Ave,Bethpage ,NY,11714
42,291 Sundown Dr,Bethpage ,NY,11714
43,229 N 5th St,Bethpage ,NY,11714
44,40 William St,Bethpage ,NY,11714
45,11 Lincoln Rd,Bethpage ,NY,11714
46,82 Bieselin Rd,Bellport,NY,11713
47,10 Price St,Bellport,NY,11713
48,815 Bellport Ave,Bellport,NY,11713
49,545 Post Ave,Bellport,NY,11713
50,48 Country Club Rd,Bellport,NY,11713
51,500 Atlantic Ave,Bellport,NY,11713
52,838 Doane Ave,Bellport,NY,11713
53,709 Michigan Ave,Bellport,NY,11713
54,101 Country Club Rd,Bellport,NY,11713
